111111100,11,12,10,14,42,48,37,51,2,4,2,3,16,16,12,10,3,5,4,3,22,42,29,18,6,5,2,2,13,9,9,10,4,2,1,2,26,29,32,23,4,6,2,4,26,26,28,23,3,0,2,1,24,21,25,17,2,3,3,3,12,18,13,14,7,7,4,2,38,41,44,38,0,2,1,2,5,11,4,12,3,4,5,2,43,49,45,48,5,3,7,8,30,23,28,23,2,3,6,5,45,61,51,40,14,5,4,5,21,35,37,27,6,7,7,7,89,97,89,90,18,18,17,14,78,64,71,52,5,11,6,10,109,103,98,87,7,5,6,4,38,40,24,34,6,6,7,4,63,87,46,57,2,8,2,5,16,21,20,24,4,2,4,5,36,44,26,34,12,16,6,11,35,44,42,39,5,1,2,2,18,25,15,22,3,3,5,3,16,16,10,12,5,7,3,0,45,50,41,40,3,1,4,1,11,12,6,16,3,3,1,3,41,51,44,36,5,3,7,5,21,10,18,17,1,2,4,4,21,20,27,30,7,7,5,3,23,26,18,26,5,3,4,5,40,48,35,41,16,16,17,9,28,26,32,29,4,6,5,8,36,40,35,49,5,5,2,4,15,17,19,10,9,6,2,3,22,26,31,26,3,0,2,2,14,10,16,13,1,2,6,1,28,16,24,14,6,6,9,3,19,21,27,31,3,10,3,5,31,38,14,17,4,5,3,3,13,14,10,18,9,8,1,1,45,58,49,56,3,4,4,4,14,18,8,8,5,5,5,8,48,66,56,45,6,6,6,10,39,23,26,27,5,7,2,2,65,72,55,60,4,10,9,11,34,52,35,36,7,7,6,6,111,126,87,121,16,14,23,14,87,92,65,84,7,4,9,4,96,74,109,79,7,6,4,5,21,30,19,15,2,6,4,7,55,47,47,44,11,2,1,4,24,11,15,12,1,5,4,3,40,20,27,34,6,8,5,9,37,26,40,48,0,1,2,1,20,19,11,23,8,3,4,3,10,14,13,19,4,3,6,2,43,38,41,34,2,3,1,0,9,13,9,14,4,8,2,4,42,39,34,40,2,6,3,6,19,21,22,16,5,1,5,7,27,23,19,27,6,9,7,7,17,27,14,21,9,7,5,4,37,52,38,31,18,18,8,14,32,43,23,28
111111010,5,2,9,3,5,1,4,4,4,0,23,4,3,2,18,10,2,1,11,2,1,1,5,7,6,2,3,2,1,3,1,3,9,6,37,10,6,3,16,19,45,5,148,53,19,10,89,74,28,9,125,34,13,9,47,43,10,2,40,6,6,3,24,16,8,1,4,0,7,7,5,6,1,1,20,11,2,1,4,11,6,1,36,8,7,6,23,15,12,2,16,3,2,1,7,6,7,2,23,10,4,2,21,13,22,4,102,32,13,7,56,40,74,22,260,65,24,22,164,127,21,4,82,24,4,10,34,32,8,2,12,3,1,2,6,4,6,1,15,5,2,2,18,8,15,0,22,7,4,2,9,10,5,0,9,2,1,2,4,4,7,1,43,10,6,5,18,11,24,8,172,29,17,16,78,70,49,17,225,67,13,16,113,113,15,2,59,7,5,4,25,25,7,2,5,0,1,4,3,2,5,0,16,6,0,0,3,7,5,0,13,5,0,3,9,5,3,0,9,3,3,0,3,2,1,2,33,6,2,1,13,8,30,7,87,31,11,13,54,39,27,6,145,46,14,16,73,71,12,1,38,16,4,5,11,12,7,1,1,1,1,1,4,2,4,1,23,7,0,2,5,8,1,0,7,2,3,2,4,1,2,0,5,0,4,4,3,1,11,3,32,11,5,2,23,22,25,7,142,36,13,13,80,66,29,5,108,24,14,7,46,42,9,5,38,11,1,6,12,13,10,1,1,2,0,3,7,3,2,0,15,6,1,1,8,5,2,2,25,6,2,5,12,15,7,2,8,3,2,1,10,5,6,2,31,4,2,3,14,13,26,9,97,27,7,5,49,38,55,8,263,72,26,23,137,106,23,1,60,23,9,9,37,33,3,2,7,4,5,0,10,2,2,1,23,14,0,4,8,20,3,1,25,4,5,3,17,19,4,1,10,4,2,3,7,2,14,1,48,12,2,2,26,22,39,4,209,44,16,22,73,82,54,16,239,61,24,21,107,109,16,7,53,18,9,11,37,32,6,2,5,4,5,4,6,1,5,0,20,7,1,4,6,13,3,2,18,6,0,1,7,12,2,0,5,1,2,2,2,3,5,2,30,8,3,1,17,9,31,6,136,27,10,14,57,38,30,5,163,54,12,23,95,65,10,4,46,21,7,5,24,25
111111001,15,12,4,11,16,18,12,8,18,31,7,11,16,19,11,11,31,15,5,9,29,20,25,13,9,21,4,4,11,22,7,6,19,28,8,11,17,21,10,11,30,35,7,15,32,37,17,14,19,34,10,15,17,26,12,16,27,26,7,12,29,18,5,10,12,15,2,2,15,9,5,7,11,30,6,9,22,22,10,15,32,22,6,7,29,17,12,17,7,15,5,3,9,14,5,13,15,24,8,8,20,34,5,13,28,42,12,15,33,29,16,11,18,50,8,12,18,42,8,17,17,19,6,9,18,14,12,14,9,6,2,2,14,10,6,4,14,11,5,3,8,19,9,5,18,13,11,7,26,16,13,11,7,13,1,8,7,12,3,7,9,21,5,6,8,18,4,10,26,12,12,7,27,20,13,13,15,20,9,10,12,27,8,9,13,15,5,6,9,18,9,16,32,35,19,12,25,33,23,10,28,50,12,13,38,55,14,35,69,41,25,20,64,54,34,24,32,35,8,11,37,25,25,15,29,51,10,17,36,70,17,38,69,78,30,37,69,77,23,34,54,79,19,30,42,93,20,34,34,47,11,27,45,73,16,35,10,11,6,10,17,12,9,13,19,27,6,9,12,16,7,9,29,25,13,6,30,25,14,12,13,14,3,2,14,13,6,9,14,15,5,10,15,27,10,17,11,33,9,15,34,28,20,19,20,42,6,15,19,45,12,30,13,24,5,8,12,23,9,10,17,13,8,4,24,21,6,7,10,28,1,13,12,18,8,7,39,29,14,10,29,30,13,13,9,11,7,4,15,15,12,8,18,42,11,16,16,28,13,18,23,28,18,8,40,44,19,13,24,32,6,12,25,49,12,24,13,28,9,9,16,21,6,16,11,13,5,6,10,11,6,2,19,15,2,2,8,16,10,10,23,17,12,3,20,21,19,6,10,11,2,5,4,8,5,11,4,19,7,10,14,20,4,9,25,28,10,14,22,20,16,18,13,28,8,12,18,25,9,12,11,22,9,7,18,10,6,9,32,32,11,12,29,37,12,16,24,54,9,12,41,42,19,26,68,59,21,24,49,57,40,36,19,28,9,17,24,40,14,17,40,53,14,24,35,54,21,37,56,79,28,35,85,74,39,40,41,95,17,36,44,81,23,49,38,55,17,19,41,49,15,33
111110110,2,3,23,20,4,6,58,47,2,3,23,22,11,5,59,56,2,5,22,20,7,5,54,48,0,2,15,21,3,9,48,47,6,1,18,22,6,3,34,35,3,2,13,19,6,2,34,32,0,3,23,19,8,5,63,67,2,0,21,20,3,4,44,47,1,3,29,13,6,4,40,32,5,1,21,19,5,3,47,51,4,1,21,23,4,4,42,32,0,2,21,13,2,6,33,40,0,5,26,19,4,4,50,40,1,0,22,15,2,2,45,44,1,7,46,34,9,7,79,74,0,4,21,28,14,6,82,66,2,5,19,17,8,8,69,48,2,4,26,36,5,2,51,48,6,4,21,20,9,7,83,58,4,3,14,15,9,6,55,55,2,2,17,11,7,3,59,25,0,0,22,16,2,3,29,28,1,1,29,22,5,10,62,50,4,3,17,15,7,4,52,58,2,1,21,12,13,1,60,44,1,3,16,18,8,6,40,31,2,4,22,14,6,9,49,41,3,1,17,22,6,5,50,34,3,1,22,11,7,4,49,47,0,6,21,11,7,5,33,53,4,4,39,30,8,7,105,76,2,6,40,35,8,9,75,72,3,2,19,10,3,1,41,36,4,3,9,16,2,5,37,22,4,2,22,23,7,2,44,53,2,3,24,20,2,4,48,40,3,1,25,16,6,3,45,33,4,0,17,15,1,6,42,31,3,1,29,22,5,3,40,32,4,3,22,17,5,2,40,49,5,2,18,19,7,1,46,35,1,0,16,17,0,5,42,27,4,0,31,32,4,7,67,39,3,1,26,15,6,6,37,42,6,4,32,27,10,6,73,45,3,3,34,17,5,3,57,42,7,3,44,30,12,2,69,78,2,0,35,25,6,8,78,66,0,2,19,10,5,3,35,33,2,2,13,14,6,5,27,48,3,5,14,25,6,6,77,67,2,4,13,20,11,16,58,55,4,2,24,14,7,2,43,48,1,3,18,19,5,6,31,42,7,2,18,18,5,6,60,54,4,1,24,14,5,8,55,47,4,3,23,16,5,5,38,32,2,3,17,13,1,2,37,31,1,4,23,19,3,1,63,42,4,1,19,19,4,5,58,52,4,2,30,26,11,8,68,66,3,2,30,21,6,1,45,55,2,4,52,34,11,15,102,84,4,6,25,34,8,10,67,71
111110101,10,17,6,3,16,17,10,6,11,14,12,12,9,12,8,6,58,101,48,54,81,89,36,45,55,75,42,61,55,69,43,61,15,10,4,12,13,17,4,3,10,11,10,9,9,10,8,7,43,64,39,43,41,52,36,36,52,49,42,43,24,39,31,42,8,6,4,10,5,12,6,6,8,4,8,5,5,8,4,4,53,52,35,46,53,46,31,39,37,45,38,42,31,22,37,33,12,12,9,8,10,13,6,6,5,10,5,12,15,10,9,6,43,68,22,30,38,50,31,34,26,35,19,33,18,29,21,31,15,4,10,5,14,9,10,9,7,10,5,4,10,8,5,6,37,24,12,15,30,34,12,14,25,25,16,19,21,17,18,18,12,18,4,13,13,9,2,5,7,13,8,9,14,10,4,5,21,40,13,21,26,16,12,13,10,20,16,19,13,7,10,17,4,9,8,6,8,6,3,2,8,5,2,15,1,8,5,4,29,31,18,19,21,35,16,18,26,23,17,16,23,10,8,12,7,11,3,4,5,6,5,5,13,7,3,5,7,3,4,4,26,27,11,21,20,24,13,11,19,16,19,21,18,18,20,22,12,7,4,4,10,8,5,3,3,3,5,9,6,6,3,4,44,48,12,24,33,44,30,22,19,34,25,22,21,30,26,31,7,11,5,4,4,5,4,4,3,9,11,3,3,3,8,5,46,46,21,22,37,31,13,18,16,39,15,19,18,27,13,14,8,8,5,9,9,6,6,7,8,10,4,2,5,9,5,5,65,92,34,44,57,67,31,49,57,55,39,50,54,43,42,30,8,14,6,3,6,8,1,5,9,9,8,8,6,11,6,3,34,44,29,31,39,48,23,34,38,34,26,23,30,28,20,31,25,14,8,4,10,17,14,5,15,9,10,10,13,8,8,9,47,55,26,28,35,51,19,22,44,37,25,24,28,26,23,22,20,17,9,8,12,13,4,11,11,10,11,10,10,14,6,9,33,36,21,25,27,43,15,17,32,38,21,34,19,33,19,25,14,13,13,15,11,15,6,11,7,15,9,7,7,9,7,11,40,42,22,18,46,35,20,19,39,40,33,23,27,49,27,25,14,15,9,3,14,13,8,7,14,13,12,6,5,16,11,15,35,40,21,31,29,36,16,25,27,22,28,35,22,19,15,15
111110011,8,4,6,0,6,3,6,4,8,1,4,1,5,4,9,2,4,6,3,4,2,3,3,4,4,4,1,7,0,2,1,2,33,29,20,15,21,13,17,6,29,16,12,12,23,14,11,8,30,38,19,14,16,16,11,8,14,16,15,12,12,20,7,9,7,2,6,6,9,6,5,3,5,8,8,4,7,5,5,2,7,8,6,4,1,3,5,5,6,4,5,6,3,3,2,1,20,20,17,10,6,7,4,6,18,10,14,7,7,3,13,11,11,18,10,15,3,12,12,10,6,14,7,8,8,7,4,10,23,12,31,27,10,7,9,10,18,14,23,27,15,8,14,19,24,17,21,27,13,11,11,18,15,11,11,18,8,6,11,14,235,167,109,101,138,79,63,50,194,123,88,62,159,111,88,52,133,233,117,103,76,147,74,48,106,170,66,52,76,122,75,53,24,26,29,14,22,15,14,5,28,19,20,13,11,14,15,4,8,21,12,23,9,17,13,6,15,11,13,11,12,19,12,8,71,67,79,41,38,38,52,27,61,43,71,44,42,34,44,40,58,60,51,80,30,42,25,41,37,44,33,48,27,46,34,43,4,7,6,4,5,2,6,4,7,5,3,8,2,2,3,6,7,4,2,7,3,6,4,6,0,10,5,11,2,3,5,6,17,15,7,5,11,11,5,7,18,16,5,9,9,10,8,9,9,25,10,7,6,18,6,7,7,11,4,6,8,22,8,6,9,8,16,15,9,2,6,5,13,5,8,10,5,6,8,7,9,7,6,15,5,8,5,7,6,6,10,7,3,5,7,8,12,8,15,3,7,2,5,1,7,9,6,4,4,3,2,4,5,8,6,9,6,9,4,7,3,10,8,7,7,9,5,4,5,1,14,7,2,3,10,3,7,6,6,4,2,4,9,2,10,5,3,9,5,3,1,5,6,5,5,6,4,3,4,9,110,59,43,43,50,25,30,25,67,38,33,35,46,33,24,25,46,88,47,45,31,52,31,11,41,64,28,16,35,50,18,16,13,8,6,6,3,6,4,2,4,4,11,7,14,3,10,4,6,8,10,4,0,5,3,3,5,8,7,8,2,5,2,2,23,20,34,15,14,13,21,12,23,10,23,17,21,11,16,18,15,30,19,29,17,12,13,18,8,13,17,23,12,21,15,20
111101110,5,9,7,16,39,53,84,97,5,5,15,12,31,39,117,119,9,8,15,16,35,34,72,83,8,6,13,16,28,31,94,93,3,2,6,6,12,16,35,51,1,0,7,7,11,17,41,57,1,7,6,3,17,15,31,40,1,3,9,7,14,9,58,30,5,9,15,18,34,51,82,107,4,9,12,20,26,23,81,120,6,2,9,10,33,35,75,88,5,4,11,14,24,34,72,100,1,3,9,8,22,23,42,36,1,3,9,7,8,9,40,63,4,2,4,9,12,16,34,38,1,0,5,6,12,18,36,46,2,5,9,3,14,14,37,52,4,3,13,9,9,15,55,58,3,3,9,6,15,12,38,42,0,4,14,8,9,14,39,43,1,2,4,8,6,13,17,23,0,1,2,5,6,8,24,27,3,2,0,5,8,8,18,17,0,0,3,3,8,8,28,26,3,6,7,7,21,14,52,47,1,2,3,6,15,15,49,57,3,3,4,9,12,17,35,40,2,1,2,4,14,15,37,48,0,0,3,4,8,18,14,23,3,2,3,0,7,5,33,37,1,1,5,2,8,12,19,18,0,1,5,6,3,9,24,17,1,3,2,3,7,6,18,15,0,1,4,2,2,4,22,14,1,0,2,1,5,3,15,11,0,3,3,2,4,3,10,12,1,2,10,14,16,23,34,55,3,4,8,9,9,12,52,60,2,2,5,8,14,21,36,42,2,4,10,9,8,21,39,52,1,1,3,2,3,4,14,13,1,1,3,4,7,5,14,18,1,0,0,3,7,2,15,11,0,1,2,2,0,2,16,14,5,4,4,7,22,22,52,65,3,1,8,9,10,22,49,68,2,1,5,8,10,6,24,33,1,3,4,6,13,16,44,54,0,2,1,4,11,15,15,20,3,1,6,4,7,15,24,40,3,3,3,2,11,14,16,20,2,1,5,3,4,11,29,30,14,13,15,30,38,64,126,133,5,11,22,30,49,42,156,172,8,5,18,21,44,59,113,107,4,7,16,14,43,48,101,137,0,2,3,5,14,3,18,26,2,0,7,10,7,13,21,26,1,4,9,4,4,10,13,30,1,1,4,2,5,4,10,33,12,9,16,18,30,41,82,134,7,7,12,26,35,43,116,160,7,8,14,19,37,32,88,102,6,1,12,10,18,39,106,105
111101101,2,8,3,9,2,8,2,20,3,68,10,108,7,56,4,67,2,6,1,10,1,9,1,8,4,81,1,75,0,52,4,54,1,5,1,10,3,9,4,8,2,58,8,83,5,51,4,62,2,10,1,5,2,7,2,9,6,63,5,54,3,54,7,59,1,18,2,17,2,11,3,23,8,83,11,112,7,114,15,125,1,12,2,9,3,22,3,16,6,89,3,72,7,119,5,106,1,12,4,8,3,5,4,14,2,60,8,80,4,50,5,75,1,9,4,13,0,13,2,13,3,63,6,61,4,67,3,65,0,5,0,6,3,13,1,9,5,58,6,114,4,72,9,96,5,4,2,5,2,8,0,5,5,76,11,70,7,74,3,81,1,6,4,6,1,3,2,5,10,65,3,80,7,57,5,74,1,8,3,10,2,6,1,3,4,72,5,73,7,54,3,67,5,6,3,12,1,1,3,8,3,73,5,71,1,39,3,57,0,6,2,7,0,12,2,8,3,69,6,66,3,45,2,43,1,5,1,9,1,7,3,5,1,20,3,43,0,29,4,36,2,6,0,6,1,7,2,5,4,27,3,30,2,25,0,32,0,9,4,14,2,9,4,17,9,50,5,74,4,61,7,92,1,7,3,9,2,6,2,9,4,58,7,56,4,66,2,69,0,2,2,8,0,6,3,8,2,24,4,38,2,48,4,60,1,10,1,3,2,6,1,8,2,35,3,39,1,53,0,51,2,5,1,23,1,13,2,14,3,65,6,88,8,75,7,101,3,7,0,10,1,16,1,11,8,75,5,61,8,89,10,70,2,4,4,5,0,6,1,10,6,37,5,55,1,33,2,47,2,6,0,8,2,5,1,3,0,20,4,34,6,36,2,35,1,5,3,9,4,9,9,16,6,84,9,95,8,107,10,126,1,14,1,7,0,6,3,12,4,56,4,56,3,83,9,91,3,10,3,10,2,3,2,6,5,67,3,69,9,82,9,113,3,6,2,7,3,12,3,6,4,67,3,55,1,82,2,77,1,24,6,28,1,14,1,12,7,85,9,100,2,35,5,73,3,13,2,18,3,13,2,10,7,88,12,98,3,48,5,44,0,11,0,12,4,5,2,10,2,22,2,32,5,30,5,48,2,3,1,15,3,9,1,9,1,25,1,28,1,33,1,31
111101011,8,52,2,46,1,11,0,16,3,66,6,74,3,23,1,24,1,17,1,14,2,33,1,39,1,22,0,25,5,44,2,75,1,45,10,72,0,23,1,21,3,79,7,91,1,32,1,38,0,24,1,23,1,42,2,45,0,34,0,33,4,62,5,76,2,51,1,67,0,22,1,33,3,76,3,69,2,28,2,25,2,24,1,19,2,49,1,51,0,26,2,25,2,65,6,55,1,36,2,60,0,11,0,14,4,67,2,66,0,29,0,26,0,19,0,14,4,35,1,31,1,36,2,33,4,59,3,54,4,60,4,98,2,21,2,29,9,85,5,117,4,40,3,52,5,29,3,32,5,55,5,71,0,41,2,49,4,70,5,85,2,31,1,37,0,7,1,20,3,56,1,51,0,12,3,31,1,10,1,14,2,24,3,31,1,23,2,26,4,44,4,52,0,38,1,42,0,17,1,11,2,40,0,60,0,21,2,13,2,12,2,18,2,34,2,35,2,26,0,23,1,44,1,38,0,43,2,43,0,19,1,16,3,50,2,76,4,24,0,15,0,17,1,20,3,44,2,36,2,25,2,26,2,59,3,53,2,36,5,47,0,28,0,21,6,76,3,57,0,29,2,32,1,21,0,16,2,36,1,35,4,32,2,29,3,64,2,70,2,39,4,37,0,13,0,15,3,32,3,66,2,15,1,23,1,15,0,16,3,39,4,38,0,29,2,22,3,35,5,43,6,43,2,45,1,13,2,27,2,72,0,76,2,21,2,23,2,17,0,14,3,48,1,39,0,24,1,17,2,66,4,50,0,30,3,42,2,17,2,19,5,64,1,71,2,22,1,22,2,17,0,8,4,32,1,38,0,22,0,33,1,42,2,68,4,64,7,59,2,28,1,25,9,83,5,111,4,30,1,37,5,27,0,26,2,49,3,57,2,40,3,44,4,101,6,91,3,48,2,42,1,18,0,18,8,43,5,54,4,26,1,26,1,16,1,18,2,36,2,33,3,19,3,25,1,48,2,48,3,40,1,41,0,17,1,16,1,58,3,61,3,20,1,26,4,13,2,17,2,29,0,29,0,31,1,22,0,48,1,54,0,39,2,29,1,11,0,17,4,53,4,67,1,22,0,24,2,8,0,19,2,34,3,39,2,26,2,21,3,43,1,58
111100111,5,7,47,15,2,2,62,16,3,1,35,6,2,2,53,6,4,5,44,7,2,5,48,10,1,3,29,3,1,0,34,7,4,5,53,10,5,5,163,35,1,6,26,6,5,7,113,20,3,6,50,11,5,2,119,33,1,4,33,6,6,3,105,22,3,2,49,8,5,3,54,12,4,3,31,15,1,5,32,8,0,2,36,7,1,4,34,8,1,1,27,5,5,3,30,7,1,6,47,3,4,5,112,26,0,2,34,8,1,2,79,17,3,2,43,5,8,5,84,24,2,2,28,9,6,1,65,17,4,4,81,8,9,8,83,10,4,6,53,6,2,4,56,12,7,5,55,13,1,4,63,19,5,3,31,13,3,1,44,14,2,8,56,10,7,5,232,36,6,2,30,9,6,3,131,23,4,4,35,6,8,10,146,28,4,3,27,11,2,4,117,29,4,3,49,9,4,3,46,8,2,1,36,2,4,4,19,8,0,2,32,3,1,2,35,7,2,4,27,10,4,1,15,3,2,3,56,8,4,7,119,33,0,3,31,5,2,3,88,22,2,1,40,9,5,6,115,22,1,5,26,3,4,2,58,5,4,3,52,10,3,2,62,15,5,1,39,5,3,2,54,3,2,3,60,13,1,1,55,9,0,0,36,12,3,2,52,9,2,8,44,12,4,6,160,38,5,5,24,8,5,5,129,19,0,2,35,7,5,4,132,24,0,3,20,6,3,2,85,19,1,4,45,8,2,4,55,16,0,2,31,7,1,3,45,5,1,4,46,8,1,2,37,9,1,0,25,7,1,2,25,5,3,3,37,6,7,7,118,30,1,7,26,6,2,1,80,20,3,3,29,8,8,6,117,26,0,2,38,8,2,2,86,12,6,7,86,22,2,4,88,13,3,1,49,10,3,3,57,10,4,1,68,24,4,2,62,11,4,1,72,12,1,6,44,9,5,8,55,11,2,4,169,46,5,4,37,8,4,2,139,28,2,4,45,12,3,1,159,34,2,5,33,6,4,4,131,20,2,2,51,8,1,1,33,10,0,2,33,11,0,1,23,4,1,3,42,8,4,4,42,2,1,3,13,4,3,1,32,5,3,4,49,13,3,5,110,24,5,0,29,5,0,0,88,24,2,2,51,10,7,2,99,21,3,3,24,6,2,5,76,13
111011110,3,3,3,2,6,8,34,61,6,14,6,10,21,20,104,108,2,4,3,4,4,2,24,18,0,3,2,9,5,3,19,31,3,0,5,3,9,1,36,32,3,10,8,2,18,11,95,69,2,1,3,4,7,1,16,16,3,1,2,5,3,2,19,20,2,6,2,4,6,15,47,89,6,9,10,23,29,43,168,197,2,4,3,4,3,5,13,18,3,3,6,5,4,9,28,37,2,2,3,3,6,6,47,30,13,9,14,4,18,19,135,108,1,2,6,6,4,0,15,14,4,3,5,2,8,5,31,19,6,8,8,13,13,22,81,131,7,9,6,11,12,21,79,121,6,3,8,10,7,13,33,49,3,10,7,7,7,13,41,53,6,2,10,9,14,10,72,75,8,4,6,4,6,8,106,72,2,1,5,7,12,5,39,27,2,2,3,3,12,9,45,24,4,6,6,16,8,16,80,114,4,7,4,7,18,34,135,159,2,1,4,10,7,7,20,36,2,3,1,6,5,5,43,45,4,2,5,7,14,9,80,66,8,2,7,1,28,11,125,87,3,0,4,3,3,4,22,17,1,1,3,4,5,6,51,31,1,4,6,11,6,18,39,66,8,7,9,14,12,17,100,123,3,3,2,2,0,3,19,14,4,5,1,11,12,14,52,77,2,2,0,4,8,5,53,42,4,2,3,6,20,12,105,66,5,2,6,0,2,2,13,9,4,5,5,5,11,6,49,60,2,5,6,9,12,13,41,68,16,23,24,40,46,69,263,352,3,4,4,5,5,7,8,27,4,8,5,12,7,16,80,88,3,2,3,1,10,5,55,37,13,5,17,11,43,41,266,198,2,2,6,3,2,1,19,26,7,6,14,6,12,12,74,59,4,4,4,9,13,20,57,74,5,4,10,11,7,10,46,87,2,1,3,6,0,3,17,20,0,5,1,3,1,5,15,27,2,4,2,2,10,6,46,44,2,3,2,2,10,4,59,41,4,1,6,4,2,2,10,8,1,0,1,2,4,0,13,17,2,2,4,5,5,8,55,49,4,6,2,5,17,32,91,127,2,3,5,8,2,2,8,18,1,1,1,8,7,8,18,21,1,3,7,3,2,4,47,35,4,3,7,5,21,6,78,53,4,1,6,7,3,2,7,8,2,0,4,0,3,2,16,11
111011101,4,8,0,3,7,16,0,2,57,13,10,0,176,60,34,7,7,22,1,4,10,37,2,7,39,18,8,3,102,27,19,2,4,8,0,3,5,29,1,7,45,10,4,3,118,32,19,9,4,16,0,1,6,40,0,5,44,21,9,2,109,31,19,3,3,7,0,3,8,20,1,5,36,11,5,4,111,30,23,8,1,18,0,2,14,38,0,6,35,11,7,4,83,29,17,5,6,21,1,6,9,31,2,7,52,11,10,1,101,37,18,7,5,13,0,5,10,34,2,9,62,18,13,1,181,51,27,8,2,13,0,1,11,25,2,6,58,14,12,5,149,50,34,9,3,17,1,6,7,43,1,8,52,15,8,6,72,26,17,9,4,9,1,2,5,36,1,9,46,17,4,0,105,28,19,7,3,16,2,1,10,32,2,5,32,10,8,2,95,32,12,7,2,11,1,2,4,25,1,3,40,10,12,0,89,26,19,5,2,12,0,1,6,27,0,5,34,7,10,3,66,11,12,4,2,18,1,2,4,22,3,6,51,13,9,1,91,25,24,10,4,16,0,3,7,27,1,6,48,13,6,3,124,44,20,11,3,12,0,4,20,26,4,5,49,22,8,3,232,60,42,13,4,25,0,6,8,44,0,7,43,9,6,2,86,22,21,5,3,11,1,1,5,30,0,3,35,12,11,2,141,41,30,7,7,24,0,2,9,42,3,10,43,12,5,2,101,38,12,2,0,9,0,1,7,30,0,4,41,16,5,0,139,36,22,9,0,15,2,4,8,39,1,7,38,12,6,3,63,24,14,3,8,26,2,5,10,28,2,4,40,11,6,2,115,32,25,6,3,12,2,2,7,35,0,8,60,22,6,3,130,37,31,5,4,15,1,5,6,40,3,3,45,17,13,2,222,55,35,13,4,16,0,6,14,36,0,10,48,12,9,3,79,23,25,7,6,21,1,0,5,27,2,3,42,13,7,2,119,33,30,8,6,11,0,4,10,38,2,10,48,11,5,2,95,34,13,7,4,6,0,0,7,20,1,1,31,8,7,1,112,34,15,5,3,19,2,1,7,35,0,2,36,16,13,2,77,17,10,1,3,21,4,7,7,30,1,12,37,13,4,2,126,41,20,7,3,14,1,4,7,31,0,5,67,24,12,3,167,57,19,8
111011011,0,3,4,9,5,2,8,5,3,4,0,7,3,3,2,3,1,24,6,57,4,16,12,71,9,58,2,18,18,84,3,18,1,2,8,5,0,2,5,3,3,7,0,1,1,3,2,0,3,29,13,69,3,13,8,51,15,67,5,27,6,50,3,13,3,6,2,8,3,11,4,4,11,15,4,2,12,27,1,5,3,22,6,28,2,28,3,15,29,230,7,53,31,246,14,68,1,8,5,6,3,10,5,6,15,13,3,6,15,20,5,7,2,19,7,39,6,12,5,27,42,218,8,58,31,170,9,37,3,3,5,5,2,3,2,4,9,6,2,6,14,15,4,7,3,27,15,61,2,28,12,89,28,180,12,35,40,197,13,50,5,7,6,3,0,1,5,4,14,12,4,4,9,14,2,0,6,29,19,48,6,17,16,47,43,194,11,54,26,137,14,41,4,6,8,3,4,7,3,6,9,8,1,1,7,14,1,6,4,11,7,38,4,7,7,32,21,112,8,35,20,121,6,31,4,9,3,5,5,7,4,5,7,4,3,3,3,9,2,0,1,10,8,29,3,14,6,21,28,133,4,28,23,104,4,34,5,3,1,1,0,1,2,6,4,5,1,4,5,7,2,1,1,18,7,50,2,7,7,57,15,43,5,15,10,64,3,12,1,2,5,3,2,2,2,8,3,5,1,1,4,7,0,5,5,22,13,62,0,11,16,33,11,74,2,19,7,45,2,20,3,9,3,12,3,13,2,12,8,18,4,7,14,9,9,5,6,13,5,19,3,15,8,26,26,187,7,42,31,194,9,45,6,11,2,9,4,5,4,10,14,16,3,8,6,10,5,5,5,19,3,30,1,9,6,24,43,217,10,46,23,149,4,26,7,4,2,5,2,5,3,14,13,17,6,5,11,10,4,6,6,27,6,48,8,34,4,67,36,182,5,52,41,203,15,62,1,3,4,6,4,3,7,5,12,21,1,6,13,8,7,3,4,19,12,71,4,18,5,36,44,182,8,54,27,144,6,37,5,11,4,3,2,10,4,10,5,11,1,2,3,5,1,2,2,9,6,28,5,19,14,41,16,93,5,18,23,87,6,37,6,11,5,11,4,3,3,11,5,6,1,2,6,4,2,3,5,16,11,43,0,8,4,31,17,90,5,23,12,76,10,20
111010111,0,20,0,22,5,73,2,65,2,23,1,13,3,57,2,46,0,22,4,15,3,69,2,45,0,8,0,12,1,36,0,42,2,32,2,27,5,100,3,103,1,13,1,14,4,49,1,40,1,27,2,26,8,71,6,59,1,9,1,11,4,43,3,33,2,34,0,16,1,41,0,25,1,27,0,10,4,22,0,13,1,31,2,19,1,41,0,23,1,19,0,16,3,22,1,21,1,41,1,12,4,36,3,24,1,19,0,9,6,16,4,9,0,45,2,22,2,42,1,20,0,22,3,10,1,21,2,10,3,26,2,16,2,67,5,84,2,17,0,5,5,52,1,46,0,16,0,17,4,75,2,43,0,7,1,15,5,50,3,33,5,30,4,18,4,111,3,105,1,11,1,8,1,61,5,41,0,14,0,23,1,77,4,62,0,9,1,8,1,36,0,28,5,32,1,24,2,27,2,17,1,28,2,17,1,30,0,13,1,32,2,16,1,44,0,16,2,30,0,13,3,45,1,12,1,71,3,29,2,41,0,24,4,31,0,17,0,20,1,14,2,29,2,18,2,55,2,17,0,17,0,9,2,24,0,10,0,25,2,15,8,106,3,86,0,19,0,10,6,61,2,54,0,17,2,17,7,109,7,96,1,17,2,14,4,94,5,50,1,30,1,24,6,111,15,122,1,20,1,10,2,51,6,53,3,14,5,27,7,138,6,135,0,15,1,12,3,76,5,60,0,43,0,20,3,50,0,16,1,25,0,13,2,31,3,14,6,40,3,11,3,52,2,20,2,35,1,16,3,23,0,16,4,46,2,15,4,44,0,27,1,24,0,4,1,28,0,9,5,61,2,28,2,55,0,31,1,22,0,12,1,17,1,11,7,46,1,31,13,146,7,121,4,35,1,17,6,106,9,84,0,28,0,25,9,61,3,66,3,17,1,22,3,56,2,46,5,59,2,38,16,159,20,180,1,28,2,14,14,106,7,67,1,22,3,43,6,89,5,89,1,10,3,13,3,45,1,30,0,68,3,24,4,50,1,36,4,48,3,21,6,44,1,17,1,42,2,23,6,81,1,27,2,32,1,15,3,37,1,23,5,76,2,39,3,68,1,38,2,47,1,21,2,37,1,13,2,43,2,16,7,69,5,27,0,19,1,9,2,45,2,13
111001111,3,7,8,4,42,8,36,8,17,11,14,8,24,4,166,37,4,8,5,10,78,16,51,8,6,16,17,11,55,3,218,48,6,4,5,2,56,8,39,6,4,6,11,7,38,9,162,37,5,3,2,9,56,11,44,14,12,12,11,10,35,6,191,36,2,3,2,5,40,3,38,6,5,10,14,11,24,2,135,28,1,5,7,5,46,10,27,5,7,9,14,13,56,6,203,37,3,3,2,6,29,5,26,8,8,6,9,8,23,6,155,23,6,2,4,12,41,9,44,7,7,5,8,6,38,4,172,39,3,4,6,5,68,9,56,7,13,14,12,9,58,10,198,39,10,5,8,8,102,25,64,14,18,27,9,11,66,19,262,53,8,7,5,4,62,13,52,10,11,13,13,11,39,9,197,31,9,6,2,7,88,9,47,12,12,19,7,10,61,13,207,36,3,6,2,4,40,3,22,6,6,16,4,6,32,6,155,31,4,3,4,3,41,8,34,7,17,22,4,9,65,6,193,40,5,1,4,2,20,10,25,5,6,5,2,7,36,7,130,30,4,0,3,6,34,8,29,2,6,10,6,7,46,9,176,43,3,4,2,1,18,7,40,11,0,4,6,4,17,3,56,10,6,6,3,4,33,7,32,5,3,11,6,5,22,3,78,14,5,3,1,3,14,7,29,5,5,4,2,5,16,3,58,11,3,6,4,5,33,4,31,11,7,5,8,2,21,1,67,10,5,2,1,2,17,3,28,7,2,4,8,2,17,8,50,7,8,2,8,0,22,6,33,9,6,4,7,16,26,3,62,18,4,6,3,5,14,5,23,8,2,3,6,2,15,4,42,11,4,2,1,4,12,7,32,5,4,8,6,3,17,5,57,9,6,4,5,3,40,6,40,3,5,6,5,8,19,9,59,16,8,6,4,3,35,3,36,14,11,6,4,6,32,6,82,28,4,2,5,4,23,8,29,7,4,8,4,5,26,5,51,13,2,3,2,7,50,6,37,4,10,2,3,6,31,4,80,12,3,2,3,5,20,2,27,7,3,2,3,2,16,3,49,9,4,2,2,2,22,5,32,6,3,5,6,5,30,10,67,13,5,0,3,4,22,2,21,6,7,2,0,3,20,3,37,8,2,3,3,2,12,3,28,5,1,5,8,7,18,7,60,14
110111110,8,8,13,6,167,93,22,10,2,2,5,2,71,46,6,6,16,14,9,7,169,100,9,11,12,6,2,4,74,33,5,2,13,5,8,7,193,83,17,12,10,3,2,3,77,35,3,2,12,19,5,6,147,101,11,13,9,8,3,0,66,47,9,3,11,5,6,5,138,85,16,6,7,5,6,6,55,43,3,6,9,13,7,5,134,89,13,13,9,3,4,1,44,35,3,1,6,8,7,4,126,88,8,3,8,1,2,2,49,26,4,6,14,12,10,4,115,90,20,9,4,4,3,1,41,35,10,2,7,0,4,3,58,33,6,2,11,1,5,1,65,22,6,2,9,2,5,1,54,25,5,0,15,1,3,3,67,22,9,4,7,0,3,5,67,24,5,3,6,4,5,0,63,19,7,3,8,6,2,0,47,26,0,1,8,5,3,2,60,23,4,6,4,2,1,1,43,25,6,3,4,1,5,1,33,27,1,4,5,4,1,2,36,33,6,2,5,4,1,1,30,38,5,7,2,5,3,0,37,51,5,2,2,1,0,2,34,43,2,5,5,5,1,3,35,17,6,3,2,9,4,0,28,30,5,6,11,4,3,2,75,42,6,4,3,4,5,1,53,19,6,1,14,2,3,0,78,34,4,4,3,5,5,2,51,30,7,4,7,3,5,2,83,31,10,9,4,1,1,2,53,31,3,1,12,6,4,2,64,30,4,6,9,3,0,0,63,24,7,3,6,6,5,3,55,41,3,5,1,4,1,2,25,33,2,2,9,10,1,2,40,36,7,5,2,5,4,2,32,26,5,4,4,2,2,1,43,59,3,4,3,5,0,5,41,33,5,3,4,7,1,0,24,26,3,3,6,5,4,1,32,38,5,1,3,2,2,4,89,57,4,3,10,10,8,5,158,100,13,12,10,5,3,3,81,51,7,9,18,11,8,7,162,89,14,10,7,7,4,4,92,56,9,7,11,11,14,5,150,90,17,8,5,6,8,0,92,45,11,12,15,10,10,6,153,113,8,12,4,2,5,1,74,35,7,7,10,9,4,3,95,91,12,7,4,6,3,2,50,52,5,7,16,9,8,7,127,81,9,8,4,3,5,2,68,72,7,5,13,12,4,1,119,80,7,3,12,4,8,2,64,41,8,3,14,20,9,4,126,97,18,7
110111101,6,3,2,2,103,31,91,20,3,6,3,2,45,8,45,10,10,10,6,5,129,40,129,25,6,9,7,6,91,18,77,14,6,3,5,3,116,23,90,22,6,3,6,1,63,16,40,11,3,7,2,5,132,27,101,20,5,2,2,6,98,16,77,13,6,1,2,0,75,16,65,8,0,6,1,4,41,11,31,5,5,5,4,3,98,26,63,14,5,6,4,2,79,9,57,10,4,2,0,1,78,10,66,8,2,2,1,3,33,9,20,4,5,6,1,4,101,22,64,17,5,3,2,4,63,13,36,14,1,4,2,2,84,18,45,10,3,1,0,7,38,10,33,5,3,7,6,5,103,23,66,16,1,1,1,0,50,7,49,4,1,4,1,5,88,13,54,7,5,3,1,1,38,6,30,11,4,11,5,7,114,15,75,15,3,4,3,6,52,10,58,5,2,1,3,1,54,15,38,13,1,4,0,0,33,3,16,6,0,4,2,3,58,18,38,8,5,2,3,0,37,13,21,5,1,1,2,0,49,7,39,5,3,1,2,2,27,9,23,6,4,7,3,0,66,15,37,7,2,6,3,3,62,15,24,11,1,2,1,5,70,14,52,6,3,2,1,3,39,9,35,1,3,6,4,4,70,18,65,9,4,7,2,3,59,6,49,7,3,3,2,2,65,12,58,18,2,1,3,1,40,7,29,3,4,8,3,3,77,13,72,20,2,5,3,1,53,11,50,15,4,6,4,4,57,12,37,13,0,4,1,0,27,6,12,2,5,9,3,1,61,10,39,9,2,4,2,1,40,6,26,7,0,2,1,1,44,6,31,4,3,2,2,1,21,7,19,5,2,3,2,3,62,8,46,10,1,3,1,2,38,5,28,7,2,5,5,4,110,27,80,13,4,4,2,1,46,7,61,10,7,10,6,10,142,26,102,16,9,10,5,5,61,15,68,15,6,1,6,6,85,31,103,16,3,5,3,2,50,10,54,10,11,17,7,11,140,30,125,19,2,12,10,4,79,14,83,11,0,3,2,1,82,17,56,14,1,1,1,3,37,8,27,8,2,10,3,7,85,21,74,10,5,7,2,2,58,11,34,6,4,3,2,2,81,9,49,10,2,0,0,1,32,4,22,8,1,9,2,3,115,23,74,17,1,6,0,3,57,8,37,4
110111011,4,12,21,34,0,2,7,25,3,8,15,38,1,2,11,28,3,9,29,72,0,14,16,57,2,13,32,77,5,5,23,51,1,10,10,29,1,5,6,18,3,2,9,32,2,2,6,21,3,12,21,66,3,5,28,42,3,8,22,79,4,6,13,50,3,9,17,41,1,9,10,17,6,14,29,64,0,8,2,15,6,14,33,93,4,2,17,38,1,18,36,133,4,6,12,47,1,5,17,40,1,4,11,14,0,9,17,46,1,4,10,17,5,10,38,95,6,6,21,41,4,17,33,111,1,10,17,46,2,5,5,25,1,3,2,17,1,6,8,41,1,2,6,33,7,5,26,78,2,10,17,46,5,10,36,83,1,9,13,52,2,4,17,35,1,5,12,19,2,7,11,36,1,4,2,18,6,7,25,63,1,7,16,37,1,9,24,63,2,10,20,47,1,6,18,40,2,4,8,13,3,8,24,50,3,4,1,23,4,21,36,111,3,4,16,37,4,22,38,114,2,6,13,52,5,8,17,50,1,4,8,21,3,11,5,56,1,1,5,26,9,16,42,102,5,4,14,40,5,16,25,111,1,9,18,46,3,3,18,55,2,4,11,28,1,10,11,47,3,2,14,26,2,9,28,60,7,4,17,37,5,17,24,92,2,6,10,42,4,2,11,40,2,3,11,19,2,8,13,40,2,2,14,32,2,9,20,76,3,4,24,43,3,7,17,62,2,10,13,45,3,5,30,70,3,1,10,24,6,10,24,74,1,2,9,22,4,12,47,101,2,4,14,28,3,19,32,121,2,4,15,48,5,16,25,60,2,4,14,22,3,7,16,70,2,0,7,23,9,21,37,106,3,3,17,47,5,17,29,107,1,6,18,36,4,6,13,31,2,7,13,32,2,10,12,42,2,3,7,20,3,10,29,74,2,9,24,37,4,12,24,70,2,11,14,57,2,7,10,30,4,5,12,28,1,7,11,33,0,4,8,30,6,5,26,69,1,4,17,37,1,11,19,90,1,6,6,65,5,7,27,49,2,6,7,18,4,9,26,67,4,5,11,28,5,23,38,96,2,8,16,46,5,14,34,120,1,12,13,43,3,4,18,58,2,4,8,27,4,9,25,81,0,3,11,30,5,9,46,101,2,8,20,38,2,12,36,131,3,3,14,39
110110111,9,14,9,14,13,15,17,21,10,11,14,20,8,14,8,17,5,6,10,4,3,5,2,4,3,4,6,4,7,4,4,2,19,38,76,72,20,19,44,41,16,16,57,64,18,35,33,33,14,15,38,45,12,21,24,21,13,16,36,40,9,21,17,24,7,7,11,23,6,18,8,14,10,10,21,14,12,25,6,13,5,5,5,3,5,6,2,8,3,6,5,3,4,5,3,7,21,27,64,75,17,39,35,43,16,29,88,85,25,30,42,46,8,14,38,40,17,17,23,21,14,16,52,42,18,20,22,31,6,16,13,23,2,15,10,10,6,12,14,16,9,16,9,9,7,10,6,2,5,5,3,10,6,2,3,2,8,3,1,4,20,27,66,62,24,38,41,45,15,23,53,45,14,21,26,41,14,18,44,49,21,23,21,24,10,13,33,40,24,23,16,29,10,10,10,12,10,12,4,14,9,17,14,15,19,12,15,12,8,7,17,7,8,7,3,6,4,9,4,6,5,4,7,2,14,18,50,72,32,28,37,40,22,31,67,66,21,35,38,51,19,19,48,39,10,15,21,35,24,22,42,53,11,23,30,27,5,5,9,9,2,5,6,4,6,6,8,10,5,4,2,5,6,12,7,11,8,8,4,5,3,4,7,6,4,5,6,5,13,20,27,36,7,14,20,18,12,11,31,30,17,21,18,13,19,24,51,62,14,31,38,42,18,17,38,54,14,22,29,30,5,10,9,13,7,8,5,7,7,8,14,11,9,6,5,5,10,8,10,5,5,10,7,8,10,12,7,13,12,11,9,8,9,14,31,32,13,17,19,20,12,18,38,40,13,25,22,32,10,17,55,53,18,21,29,40,14,25,56,83,24,34,29,38,7,5,12,14,3,11,5,12,4,10,7,6,5,7,5,11,11,4,9,11,3,3,7,8,10,7,5,9,3,8,5,1,17,13,61,57,12,26,25,40,20,19,38,42,10,23,16,22,20,20,80,86,21,22,48,56,16,21,68,80,17,27,30,47,8,9,7,17,9,10,12,8,8,13,18,21,9,11,6,16,9,5,9,9,9,11,9,7,14,15,10,3,6,13,13,5,13,22,53,52,14,22,29,35,18,25,56,43,15,23,41,48,16,22,78,69,14,29,45,46,22,29,70,100,26,42,47,47
110101111,6,2,10,0,14,13,66,6,5,5,2,9,13,13,7,54,4,5,5,1,3,5,25,5,1,3,0,7,8,2,2,34,3,5,54,11,24,20,339,43,5,8,8,40,19,32,49,243,4,2,26,5,17,18,188,29,2,2,4,27,16,24,30,174,3,3,3,1,6,2,43,6,2,3,2,6,9,9,8,25,2,1,4,1,8,3,35,7,1,3,1,2,6,2,2,22,2,5,31,5,15,21,188,25,4,3,4,20,18,18,26,164,2,1,22,4,10,11,154,21,1,5,2,24,13,4,17,129,4,2,10,2,3,7,45,3,0,3,1,6,17,4,3,39,1,3,4,1,3,7,29,2,0,4,1,6,6,2,1,23,1,3,23,8,12,16,235,29,2,1,1,25,23,23,41,146,0,2,25,7,9,11,114,26,1,3,3,24,11,9,22,104,0,1,8,0,4,4,29,5,0,2,0,4,10,2,5,25,1,2,8,2,0,2,29,0,2,2,0,6,2,2,2,11,1,2,23,3,9,7,139,17,6,1,4,9,11,11,25,99,0,1,21,2,7,6,106,22,2,2,3,15,7,7,17,71,0,4,1,2,4,7,36,8,2,4,2,8,12,4,4,27,4,1,4,2,3,7,31,6,3,5,0,3,6,4,1,16,5,2,24,8,12,14,190,33,2,3,4,29,11,17,26,162,3,1,25,4,8,4,140,23,3,2,7,12,9,7,10,109,3,2,1,0,1,7,26,2,2,5,0,4,4,3,5,21,2,0,3,1,2,7,21,7,1,2,0,5,4,4,3,20,2,5,20,5,10,7,118,24,2,2,4,9,13,7,21,121,0,2,17,1,5,5,81,19,2,3,2,8,11,12,16,84,3,3,13,4,10,10,81,13,3,2,0,7,20,14,6,66,2,1,5,6,4,8,49,7,1,2,1,8,4,5,5,31,4,3,40,12,29,10,311,45,6,5,6,40,22,26,43,249,3,7,39,9,16,10,219,27,6,6,4,27,19,14,33,178,8,2,5,5,7,10,59,8,3,2,1,10,3,6,17,32,0,2,8,4,4,3,36,7,3,5,1,6,3,2,5,28,4,3,22,5,21,20,222,25,2,3,2,40,14,12,32,194,0,2,34,2,14,9,186,42,2,5,5,13,16,11,19,132
110011111,0,5,7,3,30,3,123,25,0,3,2,1,24,4,106,14,8,10,6,4,60,7,149,22,5,8,5,4,35,4,146,33,0,5,1,2,15,6,64,10,2,4,1,4,25,0,58,6,3,5,7,2,41,7,85,8,2,5,2,2,32,4,65,8,4,3,5,3,27,4,82,14,2,3,3,3,20,2,65,15,3,4,8,6,46,5,114,23,3,6,9,1,34,6,80,19,2,2,3,6,24,4,82,13,3,2,4,0,15,1,85,16,5,6,6,5,43,11,90,22,4,9,4,3,39,7,120,23,3,4,7,4,53,9,97,12,3,4,2,2,29,4,67,14,4,6,6,6,97,14,160,28,6,5,5,2,45,14,102,21,2,3,0,1,27,6,52,6,0,1,3,0,19,2,46,6,0,4,3,0,61,9,71,12,0,1,3,3,28,1,57,5,1,3,1,2,28,4,75,5,4,1,1,2,23,3,53,12,6,7,3,3,47,5,83,21,1,9,3,1,36,5,82,13,0,1,3,2,25,3,64,8,0,1,6,2,24,2,63,11,5,4,1,2,69,8,112,15,3,8,5,1,47,1,87,23,3,6,3,3,41,7,108,21,1,0,4,5,48,10,87,8,7,6,3,7,112,15,112,21,3,12,0,5,71,6,111,23,4,3,2,0,32,4,51,7,3,3,2,5,24,2,42,6,2,5,3,3,42,5,58,14,5,4,2,1,29,5,57,4,2,2,1,2,35,4,69,15,2,5,2,1,28,6,48,15,1,5,0,4,71,10,76,13,1,3,3,1,30,5,90,11,5,4,4,2,29,1,80,6,2,3,4,2,31,8,76,11,6,6,3,2,81,16,104,15,2,3,4,2,46,12,92,9,4,12,5,4,34,7,122,23,1,6,4,5,29,5,113,12,7,10,5,7,75,11,142,25,6,8,1,0,43,9,118,11,1,4,3,4,25,4,66,11,3,6,2,0,20,4,48,9,2,4,1,5,27,1,70,8,1,5,2,2,22,4,70,9,2,3,2,2,23,2,80,15,3,6,3,3,20,5,85,8,1,4,0,4,54,9,103,16,2,2,6,3,34,6,86,14,4,10,5,3,29,5,103,12,4,3,3,3,32,2,96,15,6,6,6,4,57,9,113,21,4,8,2,2,64,7,98,27
101111110,2,3,3,0,13,20,31,24,11,11,3,2,114,73,114,78,4,2,3,2,12,18,14,12,14,2,6,2,77,47,70,60,3,0,5,4,34,20,49,28,6,7,5,1,43,34,74,35,4,4,5,1,32,10,28,20,9,7,4,1,51,36,77,51,3,1,2,0,26,10,18,17,9,8,6,3,93,68,104,70,2,1,1,2,13,13,21,20,5,4,6,5,76,54,51,47,1,2,0,3,16,26,30,21,6,3,1,1,45,27,52,34,4,5,2,1,25,20,21,21,4,4,1,3,43,27,44,42,3,4,1,3,14,12,29,17,10,12,7,8,78,50,80,54,4,2,2,0,12,8,25,14,4,2,5,3,62,49,56,36,5,3,1,2,21,17,24,20,4,5,1,2,34,19,55,42,1,2,1,0,19,17,26,17,8,5,4,3,39,24,46,36,3,3,0,0,16,7,20,18,9,7,6,0,60,35,60,50,1,4,3,0,13,6,18,13,6,7,5,3,59,47,66,43,6,4,1,2,25,15,27,16,4,3,2,4,33,24,28,26,1,2,1,2,19,11,15,12,5,2,5,4,37,16,36,33,7,4,4,3,35,20,43,25,13,13,10,5,118,74,139,101,1,2,2,5,22,18,35,25,7,9,7,5,72,62,97,49,5,6,5,2,32,24,54,20,7,9,2,3,42,25,45,35,5,3,3,3,32,24,36,18,1,3,6,3,38,25,42,29,2,5,3,1,22,14,38,19,12,11,5,5,88,68,91,47,5,3,3,2,30,12,36,13,6,5,7,8,68,43,58,44,2,2,4,2,24,21,17,11,6,6,4,4,35,23,44,22,4,1,1,1,16,8,21,15,5,4,2,3,48,39,41,26,5,3,2,2,23,14,36,18,14,7,8,4,80,73,127,85,4,4,1,2,17,16,19,15,15,8,4,5,72,47,63,57,7,5,0,3,31,17,33,31,4,7,1,0,28,20,41,33,3,4,2,1,22,7,27,23,3,4,1,1,32,25,29,20,2,2,6,2,22,14,26,15,11,7,8,3,80,48,66,51,4,4,1,1,14,17,15,16,8,8,5,7,54,42,45,51,2,2,3,3,15,15,12,15,3,3,2,6,32,22,45,19,1,7,1,2,16,16,26,13,7,4,4,1,28,22,43,18
101111101,4,9,3,2,8,7,11,4,129,13,111,10,188,20,178,12,1,4,0,3,1,3,3,2,30,6,29,4,30,4,47,5,3,7,4,2,5,10,10,10,95,9,97,9,166,21,156,18,3,5,1,5,4,3,4,3,32,2,25,3,30,7,55,12,4,11,3,5,3,5,5,2,52,9,41,4,98,8,66,8,1,5,1,0,1,1,3,1,19,3,11,2,29,2,25,2,2,0,3,3,2,4,6,4,35,2,38,2,52,6,82,9,1,0,2,5,0,0,1,3,22,2,21,1,27,3,30,1,7,6,3,6,10,12,14,10,87,7,94,13,138,22,169,14,0,1,4,3,2,0,0,4,24,5,28,5,31,6,55,9,5,7,3,7,3,13,3,9,68,10,84,8,127,22,183,18,2,2,5,2,3,0,2,5,18,6,30,4,36,3,63,2,2,2,4,1,3,5,8,7,40,5,52,8,69,8,85,6,6,0,2,3,0,3,4,1,13,1,16,3,22,5,35,4,5,4,3,3,4,7,4,2,34,1,51,1,51,11,67,6,5,1,0,5,2,3,3,3,16,0,17,2,19,4,38,4,0,6,0,1,6,4,9,9,81,3,106,11,152,9,143,10,6,4,1,5,6,10,7,10,89,9,105,12,174,14,160,20,0,4,3,1,4,8,2,4,37,3,49,6,78,7,67,6,7,3,0,1,3,10,5,9,62,9,70,7,118,18,112,9,5,2,4,2,4,2,7,2,32,7,33,6,70,9,61,0,6,8,3,8,1,3,4,3,36,3,47,7,75,5,76,5,0,2,3,0,3,3,3,1,29,0,19,1,40,6,32,4,4,1,6,6,7,3,6,0,31,4,40,6,56,6,66,6,0,3,0,1,3,7,4,8,80,6,98,14,109,15,131,17,3,3,10,8,3,7,5,8,69,16,93,10,144,21,166,23,0,2,5,5,1,4,1,2,31,2,38,2,63,6,59,9,3,2,2,5,5,3,5,6,44,8,74,6,106,12,121,21,1,1,1,1,4,2,0,2,38,7,37,4,49,3,67,8,2,2,3,5,2,2,3,9,30,7,35,5,48,9,87,5,1,1,0,0,4,2,1,3,20,1,21,1,24,4,34,2,4,4,5,1,2,3,2,7,29,9,39,2,53,5,56,12
101111011,2,3,42,4,1,0,13,3,4,3,36,8,2,5,23,4,5,6,66,9,3,2,28,6,3,2,72,6,2,1,36,10,3,2,40,11,6,2,12,3,1,5,26,10,2,2,23,2,5,5,79,24,1,0,40,13,2,5,91,7,0,4,45,14,3,7,61,17,6,1,47,7,2,6,55,14,4,2,33,5,1,3,81,19,1,2,42,10,10,13,275,44,2,4,147,31,4,11,77,15,3,4,47,10,2,3,62,19,2,4,32,8,4,9,63,12,5,5,37,9,6,11,227,42,5,6,133,24,3,4,27,6,0,1,17,3,3,2,27,8,3,0,22,2,5,2,43,16,1,1,39,12,1,1,57,11,1,3,46,11,0,2,29,7,2,1,29,2,0,5,21,3,1,4,22,3,3,2,43,14,2,0,42,11,1,1,53,7,2,1,53,9,5,1,45,4,4,7,44,10,5,13,29,8,1,2,38,10,2,4,64,15,1,1,56,12,6,10,157,25,5,5,164,40,4,2,43,12,2,3,54,14,3,4,51,9,1,4,34,6,0,0,41,9,2,0,35,5,8,8,167,33,8,7,136,36,5,3,69,18,5,4,34,6,6,5,49,7,3,4,28,13,3,8,64,20,3,2,36,11,8,7,246,42,5,2,133,24,4,6,82,14,4,1,40,11,2,4,55,11,4,6,30,10,1,8,58,19,1,1,30,6,8,15,267,34,7,4,120,23,4,4,61,9,3,2,35,4,1,6,45,8,3,2,24,7,9,5,65,8,4,5,48,12,1,5,92,20,8,4,55,14,3,1,53,5,2,1,22,6,3,5,27,8,4,2,24,5,2,5,58,10,1,4,43,3,0,7,89,26,2,2,54,7,4,3,42,10,3,2,54,7,3,7,39,13,4,2,28,2,2,6,52,9,2,5,32,11,1,5,166,35,0,6,145,28,7,4,59,14,4,3,58,13,4,6,34,7,1,3,29,8,4,5,41,10,2,5,30,4,3,6,170,42,7,4,166,19,1,1,42,9,1,2,20,3,0,1,37,8,0,2,34,5,4,4,54,10,1,4,41,15,6,7,72,13,2,5,68,19,3,0,30,5,0,1,20,4,0,2,35,3,1,0,22,6,3,4,56,9,4,2,27,10,4,2,65,13,0,1,49,14
101110111,4,5,89,41,9,3,48,33,4,3,33,17,1,3,14,16,4,3,74,24,3,2,42,26,2,0,25,21,3,3,12,23,7,3,76,45,2,4,38,30,2,1,34,16,1,1,17,10,10,4,77,53,7,2,66,41,2,3,31,25,1,0,21,14,10,5,82,31,8,4,58,26,3,3,40,19,3,3,41,21,4,6,90,35,9,7,66,46,3,3,40,25,1,1,40,22,6,5,56,30,4,2,48,22,2,1,25,20,2,0,24,10,6,11,82,54,5,5,70,37,4,4,38,17,6,1,23,12,6,0,56,24,6,3,31,25,5,2,51,30,1,3,41,24,3,4,40,14,3,0,26,13,2,5,51,29,3,4,26,17,6,2,48,24,0,2,20,12,6,1,57,43,3,2,35,25,4,2,47,38,3,0,26,17,4,0,56,41,3,1,38,34,4,3,56,25,3,0,33,22,5,3,57,31,6,3,55,41,5,4,51,34,3,5,39,28,5,8,53,30,3,6,59,30,2,0,51,35,3,5,18,14,5,2,43,42,7,3,27,23,3,2,64,37,0,3,40,21,8,7,60,45,6,5,40,26,9,3,136,65,12,6,74,50,4,3,55,28,3,3,30,23,8,4,69,36,6,5,41,29,2,1,22,13,3,3,23,11,9,3,109,74,3,4,46,45,3,4,57,29,1,1,24,10,12,1,94,56,5,6,41,30,1,0,36,28,4,1,27,17,4,11,89,37,4,4,58,40,3,2,42,20,0,1,20,14,3,4,51,27,3,5,55,18,3,1,29,10,2,1,22,18,6,3,57,40,4,2,61,22,0,1,30,13,0,3,16,7,2,2,41,40,2,3,54,27,1,5,15,20,1,1,16,12,4,4,68,41,4,1,47,29,5,2,113,41,12,4,47,34,1,1,41,21,5,4,30,20,4,0,49,22,5,2,37,18,5,6,62,42,4,1,31,23,2,7,77,40,2,6,42,30,6,2,55,34,5,1,38,27,3,3,62,41,3,3,44,21,2,5,51,31,5,3,31,26,5,4,63,19,4,2,39,29,2,2,32,23,0,4,29,25,4,1,29,22,5,3,42,22,1,5,23,21,4,4,25,11,4,1,28,39,3,1,26,16,2,1,32,28,2,1,20,17,3,3,35,33,2,2,32,12
101101111,12,4,8,0,4,14,10,0,33,19,27,6,104,46,82,22,8,6,7,4,11,5,10,2,21,17,11,2,108,46,66,12,6,10,6,8,10,12,9,7,32,21,22,13,135,140,112,64,8,13,8,9,7,14,10,4,29,32,27,20,139,156,101,54,8,6,5,3,14,11,8,2,26,14,14,2,103,31,90,12,7,6,9,0,10,11,5,1,25,4,19,4,94,29,57,18,5,8,2,3,4,10,4,1,11,13,8,7,34,102,31,34,1,4,3,3,2,10,7,3,9,22,8,13,40,89,34,35,15,5,8,2,10,10,9,3,34,9,21,4,108,39,82,14,11,3,3,3,11,6,10,3,21,6,19,2,107,34,69,10,15,24,11,6,14,17,10,8,37,41,16,17,150,166,106,83,7,8,5,8,13,10,18,3,23,39,13,10,126,109,68,41,9,1,3,2,10,2,6,2,27,14,24,4,99,42,88,21,6,4,6,2,6,8,8,1,12,7,24,2,71,17,52,10,6,5,5,2,3,7,4,3,11,24,9,13,45,117,25,34,3,4,3,5,3,4,5,0,9,17,8,5,41,55,30,23,7,4,2,6,5,5,4,2,13,10,11,2,66,22,35,7,8,4,2,2,6,10,2,1,15,7,11,2,51,16,40,14,3,3,3,4,12,6,8,6,12,16,12,7,51,73,42,33,5,9,3,3,0,7,9,1,14,20,5,5,34,67,29,24,7,2,4,4,7,13,15,5,19,9,12,3,67,25,58,12,17,5,6,5,10,11,8,5,15,5,12,1,52,14,43,5,8,11,8,2,8,8,10,6,22,29,9,10,68,78,50,33,14,10,3,6,5,16,6,3,22,22,10,11,74,86,58,25,4,1,3,3,4,6,5,5,12,9,10,2,68,24,33,17,6,1,3,2,2,3,2,2,9,6,8,2,38,17,35,5,2,5,4,2,7,10,5,1,12,24,6,4,40,62,34,29,7,7,1,3,5,8,11,1,13,21,8,8,34,62,32,22,16,7,7,5,7,14,7,0,13,9,13,2,50,24,46,7,7,4,2,1,9,10,5,2,9,6,13,7,52,20,31,10,12,6,5,3,10,15,11,4,21,34,6,10,68,86,58,46,1,8,3,2,6,13,6,5,10,13,11,7,34,73,37,35
101011111,6,35,2,72,6,53,4,34,2,36,2,10,1,54,5,21,7,38,3,62,6,39,5,22,0,36,2,24,0,49,0,29,2,21,3,51,1,33,7,40,0,20,3,27,2,42,3,23,4,18,4,63,2,31,7,26,2,11,0,22,1,42,5,17,3,34,2,55,3,38,6,39,2,26,1,27,7,44,2,33,6,34,5,61,5,56,4,45,3,27,2,28,2,49,1,27,2,25,2,51,1,45,8,28,1,26,4,28,1,45,1,16,8,25,3,55,0,44,4,40,1,25,2,25,5,51,4,19,1,20,5,25,0,25,1,10,0,20,3,16,1,25,4,11,3,16,4,41,1,29,1,14,2,15,0,10,2,23,3,9,4,24,4,43,2,39,2,35,1,26,1,21,2,44,0,23,3,28,2,36,1,33,1,22,1,21,0,25,4,27,4,18,1,16,3,38,0,21,2,15,3,18,0,15,1,26,1,13,1,16,4,28,1,35,2,21,0,12,1,21,0,16,2,15,3,22,3,46,2,44,2,22,0,23,0,16,2,28,4,11,1,30,2,45,2,31,6,23,0,15,2,19,1,33,4,23,3,46,3,17,6,87,4,37,5,126,7,27,6,84,3,48,1,61,8,23,4,92,7,52,5,107,1,33,7,91,3,42,4,44,3,14,7,57,2,39,4,109,7,29,5,62,2,40,3,42,2,16,3,69,3,40,5,106,2,30,3,61,4,42,1,39,1,16,6,72,4,30,5,110,6,25,8,63,4,51,1,53,0,24,6,87,3,37,1,140,5,34,5,106,3,50,1,40,3,24,7,65,3,34,3,113,7,26,5,66,0,36,2,41,0,22,5,78,7,37,3,82,4,17,2,62,2,45,0,27,1,8,0,29,1,19,1,63,0,22,3,41,1,33,1,19,0,12,2,47,1,17,3,47,4,19,1,45,3,27,3,45,2,16,1,63,1,37,2,85,7,32,3,55,0,15,2,30,1,16,2,55,1,26,2,87,4,28,3,63,1,34,2,21,2,12,3,36,1,21,2,49,3,27,5,25,2,23,1,23,2,8,5,28,1,18,1,55,4,11,1,31,3,26,1,31,3,10,5,57,7,28,6,89,6,29,1,49,5,27,3,36,1,13,4,53,0,34,6,77,6,24,0,54,4,37
100111111,1,59,5,18,2,55,5,10,4,89,4,14,2,70,2,11,3,42,8,13,2,55,4,7,1,60,6,18,4,76,2,11,2,67,2,6,1,37,3,9,7,106,5,41,4,131,6,27,1,24,4,3,3,41,1,15,3,94,4,19,3,91,8,25,4,72,11,8,6,79,6,15,2,129,10,22,3,129,2,20,3,71,3,11,5,83,8,12,5,103,4,22,4,107,5,22,4,95,8,5,4,72,9,13,4,180,10,22,6,190,6,32,3,44,3,16,3,87,7,15,3,97,10,20,3,186,5,22,7,78,4,11,3,80,8,13,11,151,7,18,4,128,3,26,5,56,4,8,6,78,11,13,2,103,4,18,3,121,3,11,2,72,11,15,4,68,3,9,10,161,9,28,5,188,8,29,2,53,5,11,6,76,6,18,1,123,7,24,2,161,11,25,0,41,10,9,0,36,5,10,4,53,7,18,3,64,2,6,4,27,0,6,3,37,3,9,2,45,2,16,2,51,1,6,5,48,5,10,2,28,6,10,2,87,8,13,5,92,4,20,0,24,1,4,3,44,2,10,3,48,1,11,3,95,4,18,0,12,0,6,1,10,3,2,2,43,2,12,3,59,5,9,4,18,5,1,2,19,5,3,5,29,2,8,2,41,5,6,1,25,3,9,0,22,1,4,2,48,1,16,4,61,6,14,3,22,0,6,1,24,1,6,2,37,4,8,5,57,9,10,3,24,6,5,1,32,2,1,3,67,4,7,4,88,6,11,2,19,2,4,0,22,3,0,1,64,7,5,3,69,7,11,0,32,5,5,4,27,4,1,4,87,2,10,8,122,6,9,3,30,0,1,1,29,2,5,2,50,6,10,3,75,4,21,2,24,2,4,0,25,9,6,0,62,3,17,4,85,4,9,4,14,3,4,1,34,4,4,4,72,7,9,4,77,6,9,2,40,1,3,1,23,4,4,1,61,7,15,2,88,6,12,2,21,1,4,0,37,4,6,4,55,5,11,1,81,4,8,2,16,1,2,0,6,0,4,2,31,0,12,4,38,2,7,2,12,2,0,2,11,2,3,3,28,1,6,1,40,1,6,0,12,1,4,1,18,3,5,0,45,1,8,0,48,0,20,1,20,2,2,2,14,1,3,1,22,1,6,4,52,2,6
011111110,3,8,4,3,4,1,11,9,6,4,3,0,2,4,9,5,10,3,4,2,56,29,14,5,3,2,2,1,43,38,9,10,2,2,3,3,4,0,8,6,2,5,3,0,4,2,8,5,5,3,2,0,35,17,6,4,4,1,1,2,38,30,2,4,3,1,0,2,7,6,11,6,3,1,1,2,3,5,10,11,10,6,2,1,70,49,22,7,10,5,3,2,54,49,11,8,1,0,1,1,0,4,6,4,2,1,4,2,2,1,6,4,8,7,3,2,48,28,6,7,5,8,2,0,51,33,19,7,1,2,2,4,20,8,27,15,2,1,3,4,8,7,19,14,16,18,5,3,167,145,39,30,18,13,3,2,135,108,28,12,0,2,2,0,10,6,9,6,2,0,1,2,6,3,18,5,11,10,2,1,98,74,16,14,22,9,1,1,95,76,16,14,2,3,12,6,34,15,41,39,3,1,2,1,18,17,36,24,33,34,8,6,332,269,78,63,32,30,9,8,281,240,65,45,4,0,3,3,11,7,15,12,0,2,2,3,13,10,11,8,24,23,5,6,214,145,45,35,26,20,2,3,224,155,48,38,7,3,1,2,3,5,9,6,3,1,2,2,1,3,6,5,6,2,4,0,47,46,4,7,6,9,1,2,28,32,10,8,2,0,0,1,2,2,7,5,3,2,2,2,1,4,11,3,3,4,3,1,30,28,1,3,4,4,1,0,30,27,7,7,0,4,2,1,3,2,8,8,1,1,1,3,2,2,7,8,9,3,3,0,61,48,12,13,11,8,1,1,50,49,9,11,0,0,2,2,3,1,4,5,5,4,4,0,1,2,4,2,8,5,1,0,44,34,6,7,5,8,3,0,40,39,11,5,2,1,2,2,3,6,18,14,1,2,3,3,3,4,10,14,15,15,2,3,143,115,29,27,12,12,4,4,100,95,22,23,2,0,3,1,4,6,10,6,2,0,3,1,8,5,8,8,11,9,3,3,81,72,13,9,9,13,0,2,73,78,17,9,1,1,2,5,15,23,40,29,1,1,5,6,17,17,30,22,40,32,11,9,283,259,50,52,22,31,4,3,202,183,43,33,3,2,1,1,9,4,26,15,2,2,3,1,12,7,16,11,22,16,9,4,158,150,39,36,22,16,3,10,180,182,30,43
011111101,9,6,0,2,122,16,58,13,6,4,5,4,40,11,25,5,14,11,4,8,139,26,81,18,8,8,3,3,115,19,64,16,4,1,1,3,131,28,82,13,4,5,1,1,53,13,30,7,10,11,5,6,147,27,77,16,5,6,2,6,91,22,62,12,3,3,3,2,72,17,48,6,5,1,0,3,32,3,16,3,6,9,4,6,66,18,43,8,2,1,6,2,59,6,44,8,2,1,0,3,68,18,41,7,2,1,3,0,37,2,29,6,7,5,5,2,97,17,64,13,4,7,4,7,65,19,45,6,3,2,1,4,74,19,42,9,0,4,0,1,38,4,20,7,7,12,8,4,79,19,68,9,8,6,3,1,61,15,28,9,3,3,3,3,73,13,48,12,5,1,2,4,43,12,24,4,8,7,3,7,88,25,59,11,5,4,9,0,59,11,30,12,4,2,2,3,114,35,60,11,4,2,2,1,56,11,38,7,12,7,2,8,143,28,80,26,7,5,6,7,102,19,56,6,4,6,4,2,112,26,83,17,1,5,0,2,71,12,42,7,7,18,6,5,153,20,95,21,11,7,5,6,74,19,50,16,3,5,1,3,62,11,67,12,3,1,3,4,31,7,51,6,4,7,8,12,77,14,71,21,1,5,8,3,57,11,77,10,2,2,4,3,82,6,89,15,1,2,3,4,43,6,36,7,6,7,6,7,85,18,86,9,3,6,7,6,72,7,70,12,2,0,1,2,44,3,50,10,3,1,0,3,24,5,16,3,1,2,1,5,36,7,54,6,3,1,2,0,39,7,33,9,3,3,4,1,35,14,60,6,1,2,2,0,24,6,24,5,1,3,6,6,58,13,53,9,1,3,1,1,31,13,45,7,4,2,4,0,30,12,46,20,1,3,0,7,23,3,24,3,7,6,4,6,47,8,63,13,3,2,3,7,37,6,32,8,0,2,2,1,52,10,57,17,0,2,1,0,18,7,21,5,4,2,4,5,60,19,73,11,3,2,3,4,32,9,41,8,5,3,4,4,74,9,79,12,2,3,3,0,36,6,39,8,4,3,11,17,80,17,95,21,2,3,8,4,47,7,51,11,1,2,3,6,70,15,100,15,2,3,2,4,40,9,33,10,1,3,4,5,97,18,122,15,4,2,5,4,52,5,54,9
011111011,6,23,5,31,4,24,3,16,4,18,3,41,2,8,5,16,4,44,10,104,2,22,7,65,3,19,1,46,0,10,6,32,2,48,3,35,1,14,3,17,8,18,6,33,4,8,2,11,5,32,10,110,5,15,3,65,5,28,5,49,1,9,3,30,2,21,4,21,2,22,1,10,3,22,6,35,7,19,2,30,1,47,2,86,2,28,3,47,4,31,7,81,3,14,2,41,6,30,3,19,1,14,5,20,14,25,4,29,6,8,2,25,3,36,5,75,3,19,0,43,6,34,4,63,6,20,4,32,6,38,4,27,4,28,1,14,6,26,4,36,1,12,0,17,8,44,5,92,2,27,7,60,4,5,2,47,3,10,4,30,6,37,4,28,2,24,4,20,5,16,5,26,3,8,0,14,4,42,8,121,3,19,6,58,5,14,8,50,2,16,3,36,3,39,5,29,3,18,2,14,7,26,4,50,1,8,3,26,11,35,7,71,4,30,3,35,9,32,2,52,4,21,1,22,2,16,5,28,2,18,3,11,4,27,2,54,1,17,2,16,7,39,6,67,4,19,4,33,2,43,7,40,2,11,4,32,4,42,5,38,8,36,5,35,4,16,3,23,4,22,2,25,6,38,4,111,6,36,3,102,7,23,3,47,6,23,8,59,8,25,2,25,3,35,8,27,4,25,4,28,5,20,3,32,4,26,4,86,8,34,3,96,4,25,4,44,2,19,1,59,5,27,2,29,7,23,4,29,6,18,3,30,13,27,9,32,4,40,5,83,3,27,8,84,3,30,5,64,5,23,5,57,1,22,2,28,6,21,0,23,11,32,4,37,8,29,8,32,4,28,5,47,2,25,4,63,2,35,2,61,9,29,4,58,2,35,4,30,3,29,4,32,5,16,1,33,6,18,4,36,7,54,4,119,11,38,11,109,3,26,2,45,0,16,6,61,4,32,6,31,5,33,6,18,6,22,0,40,8,19,4,33,7,44,6,105,3,34,5,96,6,18,2,41,6,16,5,54,2,28,3,22,6,28,3,20,4,24,8,43,4,22,4,45,6,48,3,77,5,46,6,73,9,24,3,64,5,26,1,58,4,34,3,21,2,20,2,21,7,25,7,38,10,17,2,46,3,27,2,64,6,34,5,60,6,30,2,51,3,32,5,49
011110111,16,9,7,17,14,9,4,9,8,11,3,4,7,6,1,4,8,3,6,11,5,3,7,7,7,2,11,8,5,5,4,12,4,2,3,2,7,5,2,3,8,0,1,5,13,5,3,6,3,4,7,10,7,3,2,8,5,1,5,7,5,2,6,6,25,15,8,19,9,7,0,7,25,8,10,12,8,9,3,8,13,11,18,16,8,1,2,10,19,6,12,19,2,2,4,4,17,11,10,14,11,4,1,6,22,11,4,15,4,3,7,10,18,2,23,21,7,3,7,10,10,3,18,18,8,1,4,5,29,17,10,12,41,16,27,12,36,16,10,14,24,13,11,15,17,13,16,20,20,11,27,27,18,3,14,22,24,11,25,16,11,11,2,17,21,11,6,12,15,7,5,8,14,6,5,12,18,9,11,20,9,6,9,11,21,5,14,22,21,5,7,13,107,62,36,75,37,22,13,27,103,41,23,61,43,16,17,32,79,41,54,99,24,11,34,39,60,24,60,85,33,10,28,35,162,64,60,101,42,26,18,38,136,66,50,100,50,19,14,34,90,47,104,124,26,16,24,38,91,47,90,145,35,7,26,41,9,3,7,5,4,5,2,8,9,5,7,10,11,9,6,6,4,5,12,5,9,7,7,8,7,4,10,9,5,4,11,7,3,8,2,7,7,6,4,5,7,2,3,5,2,2,3,2,4,2,0,1,8,0,6,4,6,1,8,9,6,3,2,5,23,10,10,11,10,4,1,5,23,10,8,11,5,3,5,6,15,10,11,26,5,4,4,8,4,2,17,14,3,1,8,7,18,3,9,17,6,2,5,8,16,6,6,13,8,6,4,5,9,7,12,12,6,4,7,8,12,2,12,18,8,1,3,4,32,10,4,9,45,22,7,17,27,11,6,9,30,13,8,39,26,7,16,18,19,11,22,28,15,5,12,17,19,13,24,30,22,9,14,11,16,7,2,11,20,11,12,18,7,7,4,18,18,8,18,15,10,8,15,13,17,7,7,16,9,4,12,12,120,47,39,76,31,21,13,26,91,49,37,63,34,15,11,21,62,22,65,103,21,13,18,44,66,33,61,79,13,10,18,34,125,69,61,106,37,25,21,32,124,84,47,99,36,18,9,25,93,36,76,110,28,13,16,30,71,42,100,108,18,10,23,25
011101111,17,31,9,83,3,39,8,34,5,19,13,198,1,80,4,98,6,14,6,51,0,15,4,18,3,16,4,127,2,42,3,62,3,14,7,33,0,19,6,39,1,15,9,103,4,42,5,48,3,13,4,28,2,13,1,25,1,8,5,57,2,16,4,28,7,24,3,56,2,30,4,25,6,61,16,320,4,164,18,184,3,7,3,33,3,10,3,12,2,31,4,193,1,89,2,93,0,8,0,23,2,12,2,21,2,35,18,130,8,65,7,61,1,5,3,13,1,8,0,10,1,22,5,73,6,29,2,38,2,41,4,54,0,12,7,82,3,17,9,45,4,19,4,40,1,20,5,32,1,8,6,37,2,5,1,20,1,8,2,23,5,78,2,102,3,40,8,182,2,35,10,48,8,19,10,61,2,43,5,57,0,16,1,103,3,18,4,22,2,10,2,26,1,14,3,23,1,8,4,17,2,18,5,63,6,21,2,36,0,13,1,11,0,2,2,10,0,5,2,33,2,17,0,15,2,37,4,33,4,8,0,29,2,13,8,24,6,15,6,24,0,15,1,26,2,3,1,16,1,6,7,20,3,8,2,16,1,17,6,51,1,22,7,22,3,17,8,128,2,59,8,59,8,8,6,64,7,21,7,18,0,18,5,137,2,50,4,65,1,11,3,31,1,10,1,39,0,8,5,50,1,22,2,27,2,6,2,31,3,13,0,19,0,14,8,60,1,27,4,33,2,7,3,44,2,13,3,26,3,37,8,213,9,111,6,81,1,6,1,48,0,19,4,18,3,55,8,190,6,100,8,86,1,5,1,17,2,10,2,5,2,25,5,94,2,33,0,51,3,3,5,21,0,11,1,7,0,21,8,102,1,47,2,47,2,12,0,19,1,10,2,50,0,6,6,39,4,17,3,24,2,21,2,25,0,12,4,39,1,10,1,24,1,8,2,24,4,42,2,59,0,15,6,105,0,27,4,26,3,13,5,33,3,44,2,63,2,18,5,109,1,12,6,47,4,5,4,32,0,7,1,13,0,8,1,11,1,8,2,37,3,22,3,24,2,9,0,18,0,1,0,7,3,4,4,27,2,14,2,22,3,18,2,23,1,5,4,15,3,14,5,20,3,15,1,8,1,16,2,14,0,6,0,28,2,5,6,17,2,9,4,21
011011111,3,2,4,7,33,7,71,19,2,8,4,8,93,15,54,11,5,4,2,5,69,15,92,18,11,15,5,6,84,12,170,31,2,2,5,6,16,4,43,9,7,3,2,6,50,9,24,8,0,3,3,5,34,9,44,13,3,8,4,4,41,8,73,13,3,7,6,1,30,5,54,12,3,4,7,6,55,15,37,6,3,3,4,11,61,9,62,13,5,9,3,10,66,12,155,26,2,3,2,1,20,7,26,6,3,4,2,1,36,6,18,5,1,1,2,4,35,2,36,10,2,6,3,4,33,6,59,21,2,5,1,3,55,10,50,13,5,7,2,7,35,4,85,8,4,11,4,8,73,11,158,37,2,4,3,8,62,14,68,13,1,1,2,5,23,3,33,4,0,4,1,1,17,5,31,3,8,5,3,1,16,3,67,11,2,6,5,1,36,5,31,5,1,5,10,6,66,17,84,12,6,12,12,5,77,16,71,13,10,14,5,4,72,24,207,48,7,6,3,7,78,14,106,15,4,2,4,3,32,6,39,8,4,3,1,3,31,5,49,11,7,4,4,2,35,4,90,18,4,4,4,6,45,9,46,11,4,11,4,2,39,5,78,11,6,7,4,9,77,10,50,7,5,3,5,6,48,8,74,13,9,16,7,7,60,19,148,26,2,0,4,5,20,2,48,16,3,3,1,4,33,9,24,9,0,1,2,2,30,9,52,11,8,10,4,8,58,13,92,29,5,5,4,3,27,11,81,11,5,6,6,5,56,16,41,5,2,3,5,6,48,7,83,13,8,4,5,11,67,8,150,25,1,3,6,1,29,3,38,5,2,4,5,5,37,8,28,4,1,1,3,8,48,8,45,4,3,10,5,2,34,9,71,21,4,5,4,5,41,7,47,4,2,8,4,5,39,6,50,13,16,12,6,9,49,7,168,23,5,7,5,15,46,14,62,15,3,5,2,2,35,7,29,3,2,4,0,1,31,5,34,10,3,6,7,6,26,2,109,20,4,2,1,8,39,9,50,11,8,3,14,9,58,10,59,19,10,7,5,6,48,13,64,8,12,18,7,6,67,11,189,47,6,8,7,7,85,24,79,17,1,4,4,3,35,9,46,7,7,3,1,2,46,6,41,10,7,11,5,4,44,7,110,21,2,3,6,5,73,13,50,12
010111111,4,17,1,20,5,35,12,44,5,20,1,22,7,50,13,96,3,11,2,17,4,23,6,41,2,23,2,29,3,45,10,90,3,12,2,13,2,20,4,39,2,34,2,30,3,69,13,123,3,8,4,17,3,17,8,35,0,19,3,15,4,30,6,76,2,23,3,16,5,29,7,59,2,25,2,21,3,41,14,96,0,9,2,18,4,23,9,49,1,26,1,23,9,35,5,87,1,16,4,14,4,23,9,34,0,29,2,29,2,57,11,123,1,18,0,11,2,17,1,32,1,15,1,18,5,39,9,56,3,7,0,14,5,28,6,47,3,22,0,19,6,89,12,152,5,11,3,24,3,27,5,39,2,12,0,15,3,35,10,95,3,12,1,10,9,22,9,54,4,16,1,14,8,50,5,81,3,6,3,13,1,25,4,41,3,12,1,13,4,55,8,106,1,14,2,13,6,23,3,41,1,12,2,14,7,64,8,130,5,9,1,15,6,19,1,27,2,19,1,11,1,41,7,80,1,5,2,13,5,23,7,47,1,22,6,14,4,35,7,99,2,7,4,10,3,14,5,60,1,19,1,13,2,52,9,118,3,18,3,30,5,27,5,54,1,22,4,24,5,58,8,91,4,13,1,15,4,30,6,46,1,29,7,32,5,48,5,93,3,12,1,13,6,18,6,40,1,37,1,51,3,50,8,133,0,11,0,21,3,18,4,40,2,14,1,22,1,37,11,58,3,16,3,21,2,21,9,50,3,20,3,21,4,39,7,67,5,17,3,14,5,24,4,45,0,17,3,29,2,45,2,91,3,9,0,15,2,23,11,26,0,23,0,35,1,59,10,106,1,10,2,12,0,13,4,35,2,10,4,22,6,25,9,67,1,8,3,17,7,31,6,57,1,15,1,16,12,85,18,182,2,10,0,20,1,14,6,35,3,14,5,12,6,53,5,99,3,14,5,13,3,29,11,60,5,26,1,16,7,53,24,101,3,9,1,8,5,21,8,50,2,19,2,21,2,63,12,125,2,6,0,17,9,30,7,51,2,20,1,14,4,92,7,185,0,11,2,19,3,14,4,34,2,9,1,11,9,39,3,62,0,11,1,11,1,25,6,68,2,8,1,10,6,48,12,100,1,11,2,17,3,24,2,39,1,9,2,13,3,57,5,130
001111111,0,2,0,13,3,12,2,19,1,34,0,1,12,143,1,7,1,1,2,11,1,13,1,14,3,32,0,2,9,173,0,7,1,3,0,6,1,10,0,17,2,30,1,0,8,144,0,12,2,6,0,8,1,19,0,10,2,28,0,1,17,195,0,4,1,6,1,9,2,22,1,16,3,49,0,1,18,246,1,16,2,2,1,7,3,17,4,18,3,44,0,1,20,233,1,5,0,8,1,11,2,32,5,19,4,46,0,1,22,249,1,10,0,4,0,6,2,27,2,16,3,43,0,1,19,240,3,15,1,4,0,15,0,18,0,21,0,30,1,1,12,163,0,8,0,2,2,10,1,12,2,15,2,27,0,1,12,193,0,5,2,4,1,13,1,11,1,23,3,33,0,1,12,183,0,5,1,4,1,9,0,20,0,12,2,37,1,1,14,168,0,9,0,3,2,8,3,23,2,19,3,32,0,1,19,256,1,4,0,2,0,13,5,21,1,17,1,48,1,1,22,291,1,9,0,3,1,9,0,15,3,17,3,49,0,0,15,270,2,11,1,5,0,10,1,28,4,32,3,52,1,0,22,284,0,10,0,3,1,12,1,11,0,17,5,22,0,1,10,153,0,12,2,2,2,4,0,15,0,13,1,41,0,3,13,148,0,2,0,4,1,10,2,17,2,19,1,36,0,2,7,152,0,2,1,2,0,13,1,18,2,15,1,32,0,2,10,164,0,3,0,5,0,6,0,16,1,23,0,30,0,2,24,195,1,12,0,5,0,13,0,22,0,22,4,49,2,0,18,257,0,5,0,1,0,6,3,16,2,22,2,39,0,3,19,253,1,12,2,3,0,7,0,17,0,19,3,47,0,0,19,230,0,11,1,2,2,9,0,9,1,12,2,44,0,1,8,121,0,7,0,3,2,5,2,10,0,14,4,40,0,2,15,181,1,9,0,3,2,13,0,12,2,20,2,30,0,0,11,163,0,10,0,0,1,11,3,13,0,15,1,31,0,5,15,165,0,7,1,1,0,10,2,16,1,18,3,35,0,3,14,217,1,7,2,4,1,7,0,15,0,20,2,34,0,1,10,226,0,13,1,5,1,9,2,24,2,20,3,38,0,0,18,212,0,8,1,5,1,12,3,14,1,16,0,42,0,3,11,223,0,14
